class,A,C,D,E,F,G,H,I,K,L,M,N,P,Q,R,S,T,V,W,Y
neg,0,0,20,6.67,6.67,6.67,13.33,6.67,0,20,0,6.67,0,0,6.67,0,0,6.67,0,0
neg,0,0,0,0,6.67,20,0,13.33,6.67,6.67,0,6.67,6.67,0,0,0,0,13.33,13.33,6.67
pos,13.04,0,4.35,4.35,13.04,0,0,8.7,13.04,13.04,0,13.04,0,0,8.7,0,4.35,0,0,4.35
pos,0,0,11.11,33.33,0,0,0,11.11,22.22,22.22,0,0,0,0,0,0,0,0,0,0
pos,20,0,20,6.67,0,0,0,0,13.33,6.67,13.33,6.67,0,0,6.67,0,6.67,0,0,0
pos,14.29,7.14,7.14,7.14,0,14.29,7.14,0,14.29,7.14,0,0,0,0,14.29,0,0,7.14,0,0
pos,4.55,0,4.55,0,9.09,0,0,9.09,0,18.18,4.55,4.55,4.55,0,9.09,18.18,4.55,4.55,4.55,0
pos,0,20,0,10,10,10,0,0,0,10,0,0,0,0,0,10,10,20,0,0
neg,6.67,0,0,40,0,6.67,0,6.67,6.67,6.67,0,0,0,0,6.67,6.67,6.67,6.67,0,0
pos,0,5,0,5,15,10,0,5,5,5,0,0,10,10,5,5,5,10,0,5
neg,20,0,6.67,0,13.33,0,0,0,6.67,6.67,0,0,20,0,0,6.67,0,6.67,6.67,6.67
neg,13.33,0,6.67,6.67,0,6.67,0,6.67,6.67,0,0,0,13.33,0,0,0,13.33,13.33,0,13.33
neg,0,0,0,6.67,6.67,0,6.67,13.33,0,6.67,0,6.67,13.33,0,6.67,6.67,6.67,6.67,13.33,0
neg,20,0,0,6.67,6.67,0,6.67,6.67,0,6.67,0,0,6.67,13.33,6.67,6.67,6.67,6.67,0,0
neg,20,0,0,6.67,6.67,0,6.67,6.67,6.67,13.33,0,0,0,0,0,6.67,6.67,6.67,0,13.33
neg,6.67,0,0,20,6.67,0,0,6.67,13.33,13.33,0,0,0,20,0,6.67,6.67,0,0,0
neg,0,0,0,9.09,18.18,9.09,0,9.09,9.09,0,9.09,9.09,18.18,0,0,0,0,9.09,0,0
pos,11.11,0,0,11.11,0,0,0,0,0,33.33,0,11.11,0,0,11.11,0,0,11.11,0,11.11
pos,0,11.11,0,0,0,22.22,0,0,0,33.33,11.11,0,0,0,0,0,11.11,11.11,0,0
neg,13.33,0,6.67,13.33,0,0,0,13.33,26.67,0,0,0,6.67,6.67,0,0,0,6.67,0,6.67
neg,0,0,13.33,0,6.67,13.33,0,6.67,13.33,13.33,0,0,0,13.33,0,0,6.67,13.33,0,0
pos,5,0,0,10,0,10,5,5,0,5,0,20,15,0,0,5,15,5,0,0
pos,7.14,0,0,7.14,0,7.14,0,28.57,7.14,0,0,7.14,0,0,0,14.29,7.14,7.14,0,7.14
neg,0,0,0,0,0,0,6.67,6.67,6.67,20,0,0,6.67,0,0,33.33,20,0,0,0
neg,0,0,9.09,0,0,0,9.09,0,0,0,0,9.09,0,0,9.09,18.18,18.18,9.09,0,18.18
pos,0,0,6.67,6.67,0,0,0,0,0,0,0,6.67,0,13.33,20,13.33,13.33,13.33,0,6.67
neg,27.27,0,9.09,9.09,9.09,0,9.09,9.09,0,0,0,0,0,9.09,0,9.09,0,9.09,0,0
neg,8.33,0,8.33,0,8.33,8.33,0,0,33.33,8.33,0,0,0,0,0,8.33,16.67,0,0,0
neg,20,0,13.33,6.67,13.33,0,0,0,20,6.67,0,6.67,0,0,0,6.67,0,0,0,6.67
neg,0,0,26.67,13.33,20,13.33,0,13.33,0,0,0,6.67,0,0,0,0,6.67,0,0,0
pos,14.29,0,14.29,0,0,7.14,0,0,7.14,7.14,0,14.29,0,0,0,7.14,7.14,21.43,0,0
neg,6.67,0,6.67,13.33,13.33,0,0,0,0,20,0,6.67,0,6.67,0,6.67,6.67,6.67,0,6.67
pos,11.11,0,0,0,0,0,0,11.11,0,11.11,0,0,0,0,0,33.33,11.11,11.11,0,11.11
pos,7.69,15.38,0,7.69,7.69,7.69,0,0,7.69,0,0,23.08,0,0,0,0,0,15.38,0,7.69
pos,13.33,0,6.67,0,0,0,0,0,0,40,0,13.33,6.67,0,6.67,6.67,0,0,6.67,0
pos,5,0,0,20,0,10,0,0,15,20,0,5,5,0,5,5,5,0,5,0
neg,0,20,0,6.67,13.33,20,0,6.67,13.33,0,0,0,0,0,6.67,13.33,0,0,0,0
neg,13.33,0,0,13.33,6.67,0,13.33,13.33,0,6.67,0,6.67,6.67,0,6.67,6.67,0,6.67,0,0
pos,0,0,0,0,6.25,6.25,6.25,0,6.25,6.25,0,6.25,6.25,0,18.75,12.5,0,12.5,0,12.5
pos,26.67,0,0,13.33,0,0,0,0,20,13.33,0,6.67,0,0,6.67,0,13.33,0,0,0
neg,13.33,0,20,13.33,13.33,6.67,0,0,13.33,6.67,6.67,0,0,6.67,0,0,0,0,0,0
pos,0,0,0,20,0,10,0,0,0,0,10,10,0,20,0,0,0,20,0,10
pos,40,0,10,0,0,0,0,0,0,0,0,0,20,10,0,0,0,10,0,10
pos,33.33,0,11.11,0,0,11.11,0,0,11.11,22.22,0,0,0,0,0,11.11,0,0,0,0
pos,16.67,0,0,8.33,0,8.33,8.33,0,8.33,0,0,8.33,0,0,0,8.33,0,25,0,8.33
neg,9.09,0,0,0,0,0,0,27.27,0,27.27,0,0,9.09,0,0,0,18.18,9.09,0,0
neg,6.67,0,0,13.33,6.67,6.67,13.33,6.67,20,0,6.67,0,0,0,6.67,0,6.67,6.67,0,0
neg,0,7.14,7.14,0,0,14.29,0,0,14.29,7.14,0,14.29,7.14,0,7.14,7.14,7.14,0,0,7.14
pos,0,0,0,0,18.18,18.18,0,9.09,9.09,9.09,0,0,0,0,0,18.18,0,0,18.18,0
neg,20,0,6.67,0,6.67,0,0,26.67,0,13.33,0,0,6.67,6.67,0,0,6.67,6.67,0,0
neg,0,0,6.67,13.33,6.67,13.33,0,26.67,0,6.67,0,6.67,0,0,6.67,0,6.67,6.67,0,0
neg,6.67,0,6.67,0,6.67,13.33,0,6.67,13.33,6.67,6.67,13.33,0,0,0,6.67,6.67,6.67,0,0
pos,13.33,6.67,0,0,6.67,0,6.67,6.67,0,13.33,0,6.67,6.67,0,6.67,0,0,0,0,26.67
neg,9.09,18.18,9.09,0,9.09,9.09,0,9.09,9.09,9.09,0,9.09,0,0,0,0,0,0,0,9.09
pos,18.18,0,0,9.09,0,0,0,0,0,27.27,0,0,9.09,0,9.09,0,0,27.27,0,0
pos,0,0,0,15,5,0,0,5,0,5,5,0,15,5,10,10,10,10,0,5
pos,10,0,10,0,10,0,0,0,0,0,0,0,0,0,10,20,20,20,0,0
neg,0,0,0,13.33,6.67,13.33,0,6.67,13.33,6.67,0,6.67,6.67,6.67,0,0,0,0,0,20
pos,0,0,6.67,6.67,13.33,0,0,6.67,0,6.67,6.67,0,0,6.67,6.67,6.67,13.33,6.67,0,13.33
pos,0,0,12.5,0,0,6.25,0,18.75,6.25,18.75,0,6.25,6.25,6.25,6.25,6.25,0,6.25,0,0
neg,0,0,0,0,23.08,7.69,0,23.08,7.69,15.38,0,7.69,0,0,0,0,0,15.38,0,0
neg,13.33,0,0,6.67,0,6.67,0,0,6.67,0,0,0,6.67,13.33,26.67,20,0,0,0,0
neg,6.67,0,0,6.67,6.67,0,0,6.67,0,6.67,0,13.33,6.67,0,0,13.33,13.33,20,0,0
neg,0,0,13.33,6.67,0,6.67,0,6.67,0,0,0,0,26.67,0,0,20,6.67,0,0,13.33
pos,0,0,6.67,0,0,0,0,6.67,13.33,13.33,0,0,6.67,0,0,20,6.67,20,0,6.67
pos,10,0,10,10,0,10,0,0,10,0,0,10,0,0,0,0,10,10,10,10
pos,6.67,0,0,6.67,0,0,0,13.33,13.33,13.33,0,0,0,6.67,0,26.67,0,6.67,0,6.67
neg,0,0,0,0,0,6.67,6.67,6.67,6.67,0,13.33,6.67,0,6.67,0,13.33,13.33,13.33,0,6.67
neg,0,0,0,0,0,0,0,7.69,0,23.08,0,0,23.08,7.69,0,7.69,7.69,0,7.69,15.38
neg,0,0,8.33,0,0,0,0,0,8.33,0,0,0,16.67,0,16.67,33.33,8.33,8.33,0,0
pos,5.88,0,0,11.76,5.88,0,0,11.76,0,11.76,0,5.88,11.76,0,5.88,5.88,5.88,0,0,17.65
pos,0,0,0,7.14,0,7.14,7.14,0,14.29,21.43,7.14,7.14,0,0,0,7.14,0,14.29,0,7.14
pos,0,0,11.11,0,0,0,0,0,11.11,11.11,0,0,22.22,0,0,0,11.11,22.22,11.11,0
pos,0,0,0,0,0,13.33,6.67,6.67,0,33.33,0,0,13.33,0,6.67,13.33,0,6.67,0,0
neg,26.67,0,0,6.67,6.67,0,6.67,6.67,0,6.67,0,0,0,6.67,6.67,0,13.33,13.33,0,0
pos,14.29,0,7.14,0,0,7.14,7.14,7.14,0,14.29,7.14,0,0,0,0,21.43,7.14,0,0,7.14
pos,7.69,7.69,0,0,15.38,15.38,7.69,0,0,15.38,0,7.69,7.69,7.69,0,0,7.69,0,0,0
neg,0,0,15.38,0,0,0,0,0,7.69,15.38,0,15.38,7.69,0,0,7.69,23.08,7.69,0,0
neg,33.33,0,0,0,6.67,13.33,0,0,0,13.33,0,0,6.67,0,0,6.67,0,13.33,0,6.67
pos,20,0,0,0,10,20,0,0,0,30,0,0,0,0,0,10,0,0,0,10
neg,20,0,6.67,6.67,6.67,0,0,0,6.67,6.67,0,0,6.67,0,0,13.33,6.67,6.67,0,13.33
pos,33.33,0,0,0,11.11,0,0,0,0,33.33,0,0,0,0,0,0,11.11,0,0,11.11
pos,0,0,11.11,0,0,0,0,0,11.11,11.11,11.11,0,22.22,0,0,0,0,22.22,11.11,0
pos,0,5,5,5,0,10,10,0,10,0,0,15,10,0,0,0,15,10,0,5
pos,16.67,0,0,0,0,5.56,0,5.56,11.11,16.67,0,11.11,5.56,0,11.11,11.11,0,0,0,5.56
pos,0,11.11,0,0,11.11,11.11,0,22.22,0,0,0,11.11,0,11.11,0,11.11,0,0,0,11.11
pos,5,5,5,0,5,15,0,10,10,0,0,0,0,5,5,0,20,5,0,10
pos,13.33,0,6.67,20,0,6.67,0,0,13.33,13.33,0,6.67,0,6.67,0,6.67,0,6.67,0,0
pos,10,0,20,10,10,20,0,0,10,0,0,0,0,0,0,10,0,10,0,0
pos,6.67,0,6.67,13.33,0,13.33,0,6.67,0,6.67,0,6.67,6.67,6.67,13.33,0,6.67,0,0,6.67
neg,6.67,0,13.33,6.67,0,0,6.67,6.67,0,0,6.67,0,0,6.67,13.33,6.67,6.67,13.33,0,6.67
pos,20,0,10,0,10,10,0,0,0,10,0,0,10,10,0,0,0,10,0,10
pos,6.67,6.67,6.67,0,13.33,6.67,0,6.67,0,13.33,0,0,6.67,0,6.67,0,0,0,0,26.67
neg,0,0,6.67,13.33,20,26.67,6.67,13.33,0,0,0,0,0,6.67,0,6.67,0,0,0,0
neg,20,0,13.33,0,0,6.67,0,13.33,0,0,0,0,6.67,6.67,0,0,26.67,6.67,0,0
pos,5,0,0,0,5,10,5,0,0,20,0,5,15,5,5,15,0,5,0,5
pos,5.88,0,11.76,0,11.76,0,0,0,0,23.53,0,11.76,5.88,5.88,0,5.88,11.76,5.88,0,0
neg,13.33,0,6.67,6.67,13.33,0,0,6.67,0,13.33,0,0,0,0,6.67,13.33,6.67,13.33,0,0
pos,0,0,0,30,0,10,0,10,10,0,10,0,0,0,0,10,0,10,10,0
pos,13.33,6.67,6.67,0,13.33,0,0,6.67,0,13.33,0,0,6.67,0,6.67,0,0,0,0,26.67
pos,19.05,0,0,4.76,0,9.52,0,9.52,14.29,9.52,4.76,4.76,4.76,0,0,0,9.52,4.76,0,4.76
pos,0,0,0,0,10.53,5.26,0,5.26,21.05,10.53,0,0,5.26,5.26,5.26,15.79,5.26,5.26,0,5.26
pos,14.29,7.14,7.14,7.14,0,0,0,0,7.14,7.14,0,0,14.29,0,0,14.29,0,14.29,0,7.14
pos,6.67,0,0,0,13.33,0,6.67,13.33,0,0,0,6.67,6.67,6.67,13.33,20,6.67,0,0,0
pos,20,0,0,10,0,10,0,0,20,20,0,0,0,0,0,0,10,10,0,0
pos,0,0,4.76,4.76,14.29,14.29,4.76,4.76,9.52,14.29,0,4.76,4.76,0,4.76,4.76,4.76,4.76,0,0
neg,13.33,0,6.67,20,13.33,0,0,13.33,6.67,6.67,0,0,0,0,0,6.67,6.67,6.67,0,0
pos,26.67,0,6.67,0,0,0,6.67,6.67,0,13.33,0,6.67,0,6.67,0,0,6.67,6.67,0,13.33
neg,13.33,0,13.33,0,6.67,6.67,0,6.67,0,6.67,0,6.67,0,0,6.67,20,0,13.33,0,0
neg,9.09,0,0,0,9.09,18.18,9.09,27.27,0,0,0,0,9.09,0,0,0,0,9.09,9.09,0
pos,0,0,0,0,5.56,5.56,5.56,11.11,11.11,16.67,5.56,16.67,11.11,0,11.11,0,0,0,0,0
neg,0,0,6.67,6.67,6.67,13.33,0,6.67,6.67,6.67,0,6.67,6.67,0,6.67,6.67,6.67,0,0,13.33
pos,7.69,0,7.69,7.69,0,7.69,0,15.38,7.69,7.69,0,7.69,0,0,0,15.38,15.38,0,0,0
pos,11.11,0,0,11.11,0,11.11,0,11.11,0,11.11,0,11.11,0,11.11,11.11,0,0,0,0,11.11
pos,0,0,6.25,12.5,0,0,0,25,12.5,6.25,12.5,0,0,6.25,12.5,0,6.25,0,0,0
pos,5.88,0,11.76,0,0,29.41,11.76,0,11.76,0,0,0,5.88,0,11.76,11.76,0,0,0,0
neg,20,0,6.67,13.33,6.67,0,0,6.67,13.33,6.67,0,0,0,6.67,0,0,0,20,0,0
pos,20,0,0,0,0,0,0,5,0,25,0,15,10,0,15,0,0,10,0,0
neg,6.67,0,0,0,20,6.67,0,0,6.67,20,0,26.67,0,6.67,0,0,6.67,0,0,0
neg,6.67,0,0,0,0,13.33,0,20,6.67,13.33,6.67,6.67,6.67,0,0,0,6.67,6.67,6.67,0
pos,5.56,0,0,11.11,0,0,0,11.11,16.67,16.67,5.56,0,0,11.11,0,11.11,0,0,5.56,5.56
neg,8.33,0,0,0,0,0,0,0,25,16.67,0,8.33,0,8.33,0,0,16.67,8.33,0,8.33
neg,6.67,0,6.67,20,0,20,6.67,0,6.67,0,6.67,0,0,0,0,6.67,6.67,6.67,6.67,0
neg,6.67,0,13.33,6.67,6.67,0,0,13.33,0,0,6.67,0,13.33,6.67,0,0,0,13.33,0,13.33
neg,13.33,0,0,6.67,0,6.67,0,13.33,0,6.67,0,6.67,6.67,6.67,6.67,6.67,6.67,13.33,0,0
neg,0,0,0,9.09,0,0,0,0,0,0,0,0,27.27,9.09,9.09,0,27.27,18.18,0,0
pos,0,0,11.11,11.11,0,11.11,0,0,0,22.22,0,0,0,0,11.11,0,22.22,11.11,0,0
pos,9.09,0,0,0,9.09,18.18,0,9.09,0,0,0,0,0,9.09,9.09,0,18.18,9.09,0,9.09
pos,6.67,0,0,6.67,0,13.33,0,6.67,6.67,13.33,0,6.67,0,0,6.67,6.67,13.33,13.33,0,0
neg,0,0,13.33,0,0,6.67,6.67,20,6.67,0,0,0,0,0,0,13.33,26.67,6.67,0,0
neg,9.09,0,0,0,0,18.18,0,0,0,9.09,9.09,9.09,0,9.09,0,0,27.27,0,0,9.09
neg,16.67,0,8.33,8.33,0,8.33,0,8.33,16.67,16.67,0,8.33,0,0,0,0,0,0,0,8.33
neg,0,0,6.67,13.33,0,13.33,0,13.33,0,6.67,6.67,6.67,13.33,6.67,0,0,0,6.67,0,6.67
neg,7.14,0,0,14.29,0,0,0,7.14,21.43,0,0,0,14.29,7.14,0,7.14,14.29,7.14,0,0
neg,20,0,0,6.67,0,0,6.67,6.67,13.33,13.33,0,6.67,0,6.67,0,0,6.67,13.33,0,0
neg,0,0,13.33,13.33,6.67,6.67,0,0,6.67,6.67,0,6.67,13.33,6.67,6.67,0,0,0,6.67,6.67
neg,13.33,6.67,13.33,6.67,13.33,6.67,0,0,6.67,0,0,0,0,0,6.67,0,0,20,0,6.67
neg,20,0,0,0,13.33,13.33,0,0,0,0,6.67,13.33,0,0,6.67,0,6.67,20,0,0
neg,0,0,6.67,0,6.67,0,6.67,13.33,0,26.67,0,0,6.67,0,20,0,6.67,6.67,0,0
neg,9.09,0,0,18.18,0,18.18,0,0,0,0,0,0,18.18,0,0,9.09,0,27.27,0,0
pos,22.22,0,0,0,11.11,22.22,11.11,0,0,11.11,0,0,0,0,0,0,0,22.22,0,0
neg,26.67,0,6.67,6.67,0,6.67,13.33,0,0,13.33,0,6.67,0,0,6.67,0,0,6.67,6.67,0
pos,14.29,0,7.14,7.14,0,28.57,0,0,0,0,0,0,0,0,0,14.29,0,21.43,7.14,0
pos,0,13.33,0,6.67,13.33,0,0,0,33.33,0,0,6.67,0,0,0,13.33,0,6.67,0,6.67
neg,0,0,13.33,6.67,6.67,0,0,13.33,0,6.67,0,0,6.67,6.67,6.67,6.67,0,13.33,6.67,6.67
neg,26.67,0,0,6.67,0,0,6.67,0,20,13.33,0,0,0,0,0,6.67,0,20,0,0
pos,7.14,0,7.14,7.14,14.29,14.29,7.14,0,0,0,0,0,21.43,0,14.29,0,0,7.14,0,0
pos,0,6.25,0,18.75,0,6.25,0,6.25,0,12.5,0,6.25,6.25,0,6.25,6.25,12.5,6.25,6.25,0
pos,16.67,0,0,16.67,0,0,0,0,25,8.33,0,0,0,8.33,8.33,8.33,0,8.33,0,0
pos,0,0,0,5.56,11.11,0,5.56,16.67,11.11,16.67,5.56,5.56,0,0,5.56,16.67,0,0,0,0
pos,0,0,0,15.38,0,0,0,7.69,15.38,15.38,0,7.69,7.69,0,7.69,0,0,7.69,0,15.38
neg,6.67,0,13.33,6.67,0,0,0,0,6.67,6.67,0,0,0,13.33,0,13.33,6.67,20,0,6.67
neg,0,0,0,6.67,26.67,6.67,0,0,6.67,13.33,0,13.33,0,0,6.67,13.33,0,0,0,6.67
neg,20,0,0,6.67,0,13.33,0,13.33,6.67,0,0,0,6.67,0,0,0,13.33,6.67,6.67,6.67
neg,0,0,6.67,6.67,0,0,0,20,13.33,13.33,0,13.33,6.67,6.67,0,0,0,13.33,0,0
pos,7.14,7.14,14.29,7.14,0,7.14,0,0,21.43,7.14,0,7.14,0,0,0,0,7.14,14.29,0,0
pos,11.11,0,0,0,0,22.22,0,11.11,0,11.11,0,11.11,0,0,0,11.11,0,22.22,0,0
neg,20,6.67,13.33,0,0,6.67,0,13.33,0,0,6.67,6.67,6.67,0,0,0,6.67,6.67,0,6.67
neg,26.67,0,6.67,6.67,6.67,0,0,0,6.67,6.67,0,6.67,0,0,6.67,13.33,6.67,6.67,0,0
pos,6.67,0,6.67,6.67,13.33,0,0,6.67,0,6.67,6.67,0,0,6.67,6.67,6.67,6.67,6.67,0,13.33
pos,5.26,0,0,0,5.26,10.53,5.26,10.53,5.26,31.58,0,0,0,0,10.53,10.53,0,5.26,0,0
neg,13.33,0,6.67,0,6.67,13.33,0,13.33,6.67,6.67,0,13.33,0,0,6.67,0,0,6.67,6.67,0
pos,5.26,0,5.26,15.79,0,0,0,10.53,10.53,10.53,0,15.79,0,5.26,5.26,5.26,0,5.26,0,5.26
pos,0,0,0,4.76,4.76,9.52,4.76,0,4.76,4.76,4.76,4.76,4.76,0,14.29,9.52,0,14.29,4.76,9.52
neg,0,0,7.14,7.14,14.29,0,0,7.14,7.14,14.29,7.14,0,0,7.14,0,0,7.14,7.14,0,14.29
pos,25,0,8.33,0,0,16.67,0,0,0,0,0,0,8.33,0,8.33,16.67,8.33,8.33,0,0
neg,0,0,9.09,0,0,18.18,9.09,9.09,0,0,0,9.09,0,18.18,0,0,0,18.18,0,9.09
pos,0,0,0,0,7.69,7.69,7.69,0,0,7.69,0,0,7.69,0,15.38,15.38,0,15.38,7.69,7.69
neg,0,0,20,6.67,0,0,6.67,6.67,0,13.33,0,26.67,0,0,13.33,0,6.67,0,0,0
pos,10,0,5,5,0,0,0,10,0,0,0,0,0,5,5,40,10,5,5,0
neg,0,0,8.33,16.67,0,0,0,8.33,16.67,8.33,0,8.33,0,0,16.67,8.33,0,0,0,8.33
pos,13.33,0,0,0,0,0,6.67,6.67,6.67,20,0,13.33,0,13.33,0,0,0,6.67,6.67,6.67
neg,6.67,0,13.33,13.33,0,13.33,0,13.33,6.67,6.67,0,0,0,0,0,0,13.33,0,6.67,6.67
neg,6.67,13.33,0,20,6.67,6.67,0,6.67,13.33,0,0,0,13.33,0,0,6.67,6.67,0,0,0
neg,6.67,0,13.33,0,13.33,13.33,0,6.67,6.67,6.67,0,13.33,0,0,0,6.67,6.67,0,0,6.67
pos,0,0,0,0,11.11,11.11,0,11.11,0,33.33,11.11,0,0,0,0,0,11.11,11.11,0,0
neg,6.67,0,13.33,0,6.67,13.33,0,6.67,0,13.33,0,0,0,6.67,0,13.33,6.67,13.33,0,0
pos,0,0,6.67,0,6.67,0,6.67,26.67,26.67,6.67,0,13.33,0,0,0,0,0,0,0,6.67
neg,13.33,0,13.33,0,13.33,6.67,0,0,20,13.33,6.67,0,0,0,0,6.67,6.67,0,0,0
neg,18.18,0,9.09,0,0,9.09,0,0,0,0,9.09,0,0,9.09,9.09,9.09,18.18,0,0,9.09
pos,0,0,0,4,0,4,0,0,12,40,4,4,4,0,0,16,8,0,0,4
pos,13.33,0,0,0,13.33,6.67,0,6.67,13.33,0,6.67,0,0,6.67,0,0,6.67,13.33,13.33,0
neg,6.67,0,0,6.67,13.33,0,0,0,13.33,0,0,6.67,20,0,0,6.67,6.67,13.33,0,6.67
neg,20,0,0,6.67,0,13.33,0,6.67,6.67,6.67,0,6.67,6.67,0,0,13.33,0,0,6.67,6.67
neg,6.67,0,6.67,6.67,0,6.67,0,0,6.67,20,0,13.33,6.67,0,13.33,6.67,6.67,0,0,0
neg,7.69,0,7.69,0,7.69,0,0,15.38,0,7.69,0,7.69,0,0,0,23.08,7.69,0,0,15.38
pos,0,0,6.67,20,0,0,0,0,6.67,13.33,6.67,6.67,0,0,20,13.33,0,6.67,0,0
neg,0,6.67,6.67,0,0,13.33,0,0,0,6.67,6.67,0,6.67,0,13.33,0,20,20,0,0
neg,0,0,20,0,6.67,20,0,0,0,0,0,20,13.33,13.33,0,6.67,0,0,0,0
pos,0,5,0,5,0,30,0,0,0,10,0,0,10,5,0,10,10,10,5,0
neg,0,0,6.67,13.33,0,0,13.33,6.67,6.67,6.67,6.67,0,0,13.33,6.67,0,0,20,0,0
neg,0,0,6.67,6.67,0,0,6.67,0,0,13.33,0,6.67,13.33,6.67,0,0,13.33,6.67,6.67,13.33
pos,11.11,0,0,5.56,0,0,0,16.67,11.11,33.33,0,11.11,0,0,0,5.56,0,0,0,5.56
pos,11.11,0,0,0,11.11,0,0,0,0,33.33,0,11.11,0,0,22.22,0,0,11.11,0,0
pos,0,0,0,0,14.29,0,0,21.43,0,7.14,0,0,7.14,7.14,14.29,14.29,0,14.29,0,0
neg,20,0,6.67,6.67,13.33,6.67,6.67,13.33,0,6.67,0,0,6.67,0,0,6.67,0,0,0,6.67
pos,0,0,6.67,6.67,6.67,0,0,0,0,13.33,0,13.33,13.33,0,0,6.67,0,13.33,0,20
neg,6.67,0,0,0,6.67,6.67,6.67,0,0,6.67,0,6.67,0,0,0,20,26.67,13.33,0,0
neg,6.67,0,0,33.33,0,0,0,13.33,0,6.67,0,13.33,13.33,6.67,0,0,6.67,0,0,0
neg,7.14,0,7.14,0,0,0,7.14,7.14,14.29,14.29,0,14.29,7.14,0,0,14.29,0,0,0,7.14
